sta,change,connect
西馬込,FALSE,FALSE
馬込,FALSE,FALSE
中延,FALSE,FALSE
戸越,FALSE,FALSE
五反田,FALSE,FALSE
高輪台,FALSE,FALSE
泉岳寺,FALSE,FALSE
三田,FALSE,FALSE
大門,FALSE,FALSE
新橋,FALSE,FALSE
東銀座,FALSE,FALSE
宝町,FALSE,FALSE
日本橋,FALSE,FALSE
人形町,FALSE,FALSE
東日本橋,TRUE,FALSE
浅草橋,FALSE,FALSE
A蔵前,TRUE,FALSE
浅草,FALSE,FALSE
本所吾妻橋,FALSE,FALSE
目黒,FALSE,FALSE
白金台,FALSE,FALSE
白金高輪,FALSE,FALSE
芝公園,FALSE,FALSE
御成門,FALSE,FALSE
内幸町,FALSE,FALSE
日比谷,FALSE,FALSE
大手町,FALSE,FALSE
神保町,FALSE,FALSE
水道橋,FALSE,FALSE
春日,FALSE,FALSE
白山,FALSE,FALSE
千石,FALSE,FALSE
巣鴨,FALSE,FALSE
西巣鴨,FALSE,FALSE
新板橋,FALSE,FALSE
板橋区役所前,FALSE,FALSE
板橋本町,FALSE,FALSE
本蓮沼.,FALSE,FALSE
志村坂上,FALSE,FALSE
志村三丁目,FALSE,FALSE
蓮根,FALSE,FALSE
西台,FALSE,FALSE
高島平,FALSE,FALSE
新高島平,FALSE,FALSE
新宿,FALSE,FALSE
新宿三丁目,FALSE,FALSE
曙橋,FALSE,FALSE
市ヶ谷,FALSE,FALSE
九段下,FALSE,FALSE
小川町,FALSE,FALSE
岩本町,FALSE,FALSE
馬喰横山,TRUE,FALSE
浜町,FALSE,FALSE
森下,FALSE,FALSE
菊川,FALSE,FALSE
住吉,FALSE,FALSE
西大島,FALSE,FALSE
大島,FALSE,FALSE
東大島,FALSE,FALSE
船堀,FALSE,FALSE
一之江,FALSE,FALSE
瑞江,FALSE,FALSE
篠崎,FALSE,FALSE
都庁前,FALSE,FALSE
新宿西口,FALSE,FALSE
東新宿,FALSE,FALSE
若松河田,FALSE,FALSE
牛込柳町,FALSE,FALSE
牛込神楽坂,FALSE,FALSE
飯田橋,FALSE,FALSE
本郷三丁目,FALSE,FALSE
上野御徒町,FALSE,FALSE
新御徒町,FALSE,FALSE
E蔵前,TRUE,FALSE
両国,FALSE,FALSE
清澄白河,FALSE,FALSE
門前仲町,FALSE,FALSE
月島,FALSE,FALSE
勝どき,FALSE,FALSE
築地市場,FALSE,FALSE
汐留,FALSE,FALSE
赤羽橋,FALSE,FALSE
麻布十番,FALSE,FALSE
六本木,FALSE,FALSE
青山一丁目,FALSE,FALSE
国立競技場,FALSE,FALSE
代々木,FALSE,FALSE
西新宿五丁目,FALSE,FALSE
中野坂上,FALSE,FALSE
東中野,FALSE,FALSE
中井,FALSE,FALSE
落合南長崎,FALSE,FALSE
新江古田,FALSE,FALSE
練馬,FALSE,FALSE
豊島園,FALSE,FALSE
練馬春日町,FALSE,FALSE
押上,FALSE,FALSE
西高島平,FALSE,FALSE
本八幡,FALSE,FALSE
光が丘,FALSE,FALSE
c-浅草,FALSE,TRUE
c-日本橋,FALSE,TRUE
c-新橋,FALSE,TRUE
c-新宿三丁目,FALSE,TRUE
c-大手町,FALSE,TRUE
c-淡路町,FALSE,TRUE
c-人形町,FALSE,TRUE
c-東銀座,FALSE,TRUE
c-日比谷,FALSE,TRUE
c-神保町,FALSE,TRUE
c-市ケ谷,FALSE,TRUE
c-中野坂上,FALSE,TRUE
c-青山一丁目,FALSE,TRUE
c-六本木,FALSE,TRUE
c-麻布十番,FALSE,TRUE
c-月島,FALSE,TRUE
c-門前仲町,FALSE,TRUE
c-上野御徒町,FALSE,TRUE
c-本郷三丁目,FALSE,TRUE
c-後楽園,FALSE,TRUE
c-飯田橋,FALSE,TRUE
c-新宿,FALSE,TRUE
c-清澄白河,FALSE,TRUE
c-住吉,FALSE,TRUE
c-押上,FALSE,TRUE
c-東新宿,FALSE,TRUE
c-秋葉原,FALSE,TRUE
